Asset Path,File Size (Bytes),Referenced In Code Location
"https://images.unsplash.com/photo-1591604466107-ec97de577aff",0,"client/src/data/poses.js:L17;client/src/data/poses.js:L19;client/src/data/poses.js:L92"
"https://images.unsplash.com/photo-1537633552985-df8429e8048b",0,"client/src/components/ui/PoseImage.jsx:L4;client/src/data/poses.js:L20;client/src/data/poses.js:L57;client/src/data/poses.js:L1344;client/src/data/poses.js:L1359"
"https://images.unsplash.com/photo-1606800052052-a08af7148866",0,"client/src/data/poses.js:L21;client/src/data/poses.js:L93"
"https://images.unsplash.com/photo-1525328437458-0c4d4db7cab4",0,"client/src/data/poses.js:L53;client/src/data/poses.js:L55"
"https://images.unsplash.com/photo-1519741497674-611481863552",0,"client/src/data/poses.js:L56;client/src/data/poses.js:L89;client/src/data/poses.js:L91;client/src/data/poses.js:L203;client/src/data/poses.js:L532;client/src/pages/Admin.jsx:L43;client/src/pages/Admin.jsx:L198"
"https://images.unsplash.com/photo-1522673607200-164d1b6ce486",0,"client/src/data/poses.js:L127;client/src/data/poses.js:L129;client/src/data/poses.js:L166;client/src/data/poses.js:L202;client/src/data/poses.js:L460;client/src/data/poses.js:L496;client/src/data/poses.js:L497;client/src/data/poses.js:L533;client/src/data/poses.js:L1345;client/src/data/poses.js:L1360"
"https://images.unsplash.com/photo-1529634806980-85c3dd6d34ac",0,"client/src/data/poses.js:L130;client/src/data/poses.js:L163;client/src/data/poses.js:L165"
"https://images.unsplash.com/photo-1494774157365-9e04c6720e47",0,"client/src/data/poses.js:L131;client/src/data/poses.js:L199;client/src/data/poses.js:L201"
"https://images.unsplash.com/photo-1516589091380-5d8e87df6999",0,"client/src/data/poses.js:L167"
"https://images.unsplash.com/photo-1555252333-9f8e92e65df9",0,"client/src/data/poses.js:L237;client/src/data/poses.js:L239;client/src/data/poses.js:L276;client/src/data/poses.js:L312;client/src/data/poses.js:L1346;client/src/data/poses.js:L1362"
"https://images.unsplash.com/photo-1561525155-40a650192479",0,"client/src/data/poses.js:L240;client/src/data/poses.js:L273;client/src/data/poses.js:L275;client/src/data/poses.js:L313"
"https://images.unsplash.com/photo-1590080875515-8a3a8dc5735e",0,"client/src/data/poses.js:L241;client/src/data/poses.js:L277;client/src/data/poses.js:L309;client/src/data/poses.js:L311"
"https://images.unsplash.com/photo-1610030469983-98e550d6193c",0,"client/src/data/poses.js:L347;client/src/data/poses.js:L349;client/src/data/poses.js:L386;client/src/data/poses.js:L419;client/src/data/poses.js:L421;client/src/data/poses.js:L1347;client/src/data/poses.js:L1361"
"https://images.unsplash.com/photo-1596464716127-f2a82984de30",0,"client/src/data/poses.js:L350;client/src/data/poses.js:L383;client/src/data/poses.js:L385;client/src/data/poses.js:L422"
"https://images.unsplash.com/photo-1602216056096-3b40cc0c9944",0,"client/src/data/poses.js:L351;client/src/data/poses.js:L387;client/src/data/poses.js:L423;client/src/data/poses.js:L1010;client/src/data/poses.js:L1043;client/src/data/poses.js:L1045;client/src/data/poses.js:L1083"
"https://images.unsplash.com/photo-1516589178581-6cd7833ae3b2",0,"client/src/data/poses.js:L457;client/src/data/poses.js:L459;client/src/data/poses.js:L493;client/src/data/poses.js:L495;client/src/data/poses.js:L1117;client/src/data/poses.js:L1119;client/src/data/poses.js:L1156;client/src/data/poses.js:L1192;client/src/data/poses.js:L1354"
"https://images.unsplash.com/photo-1508214751196-bcfd4ca60f91",0,"client/src/data/poses.js:L461;client/src/data/poses.js:L1157;client/src/data/poses.js:L1189;client/src/data/poses.js:L1191"
"https://images.unsplash.com/photo-1518199266791-5375a83190b7",0,"client/src/data/poses.js:L529;client/src/data/poses.js:L531;client/src/data/poses.js:L1121;client/src/data/poses.js:L1348"
"https://images.unsplash.com/photo-1530103862676-de8c9debad1d",0,"client/src/data/poses.js:L567;client/src/data/poses.js:L569;client/src/data/poses.js:L606;client/src/data/poses.js:L642;client/src/data/poses.js:L1349"
"https://images.unsplash.com/photo-1513151233558-d860c5398176",0,"client/src/data/poses.js:L570;client/src/data/poses.js:L571;client/src/data/poses.js:L607;client/src/data/poses.js:L639;client/src/data/poses.js:L641"
"https://images.unsplash.com/photo-1516450360452-9312f5e86fc7",0,"client/src/data/poses.js:L603;client/src/data/poses.js:L605;client/src/data/poses.js:L643"
"https://images.unsplash.com/photo-1509631179647-0177331693ae",0,"client/src/data/poses.js:L677;client/src/data/poses.js:L679;client/src/data/poses.js:L716;client/src/data/poses.js:L752;client/src/data/poses.js:L1350;client/src/data/poses.js:L1363"
"https://images.unsplash.com/photo-1515886657613-9f3515b0c78f",0,"client/src/data/poses.js:L680;client/src/data/poses.js:L713;client/src/data/poses.js:L715;client/src/data/poses.js:L753"
"https://images.unsplash.com/photo-1469334031218-e382a71b716b",0,"client/src/data/poses.js:L681"
"https://images.unsplash.com/photo-1488716820095-cbe80883c496",0,"client/src/data/poses.js:L717;client/src/data/poses.js:L749;client/src/data/poses.js:L751;client/src/data/poses.js:L1231"
"https://images.unsplash.com/photo-1627556704302-624286467c65",0,"client/src/data/poses.js:L787;client/src/data/poses.js:L789;client/src/data/poses.js:L790;client/src/data/poses.js:L823;client/src/data/poses.js:L825;client/src/data/poses.js:L862;client/src/data/poses.js:L863"
"https://images.unsplash.com/photo-1541339907198-e08756dedf3f",0,"client/src/data/poses.js:L791;client/src/data/poses.js:L826;client/src/data/poses.js:L827;client/src/data/poses.js:L859;client/src/data/poses.js:L861"
"https://images.unsplash.com/photo-1503454537195-1dcabb73ffb9",0,"client/src/data/poses.js:L897;client/src/data/poses.js:L899;client/src/data/poses.js:L936;client/src/data/poses.js:L972;client/src/data/poses.js:L1352"
"https://images.unsplash.com/photo-1471286174890-9c112ffca5b4",0,"client/src/data/poses.js:L900;client/src/data/poses.js:L937;client/src/data/poses.js:L969;client/src/data/poses.js:L971"
"https://images.unsplash.com/photo-1516627145497-ae6968895b74",0,"client/src/data/poses.js:L901;client/src/data/poses.js:L933;client/src/data/poses.js:L935;client/src/data/poses.js:L973"
"https://images.unsplash.com/photo-1567532939604-b6b5b0db2604",0,"client/src/data/poses.js:L1007;client/src/data/poses.js:L1009;client/src/data/poses.js:L1046;client/src/data/poses.js:L1082;client/src/data/poses.js:L1353"
"https://images.unsplash.com/photo-1595429035839-c99c298ffdde",0,"client/src/data/poses.js:L1011;client/src/data/poses.js:L1047;client/src/data/poses.js:L1079;client/src/data/poses.js:L1081"
"https://images.unsplash.com/photo-1533139502658-0198f920d8e8",0,"client/src/data/poses.js:L1120;client/src/data/poses.js:L1153;client/src/data/poses.js:L1155;client/src/data/poses.js:L1193"
"https://images.unsplash.com/photo-1531746020798-e6953c6e8e04",0,"client/src/data/poses.js:L1227;client/src/data/poses.js:L1229;client/src/data/poses.js:L1266;client/src/data/poses.js:L1302;client/src/data/poses.js:L1355"
"https://images.unsplash.com/photo-1524504388940-b1c1722653e1",0,"client/src/data/poses.js:L1230;client/src/data/poses.js:L1263;client/src/data/poses.js:L1265;client/src/data/poses.js:L1303"
"https://images.unsplash.com/photo-1554151228-14d9def656e4",0,"client/src/data/poses.js:L1267;client/src/data/poses.js:L1299;client/src/data/poses.js:L1301"
"https://images.unsplash.com/photo-1523580494863-6f3031224c94",0,"client/src/data/poses.js:L1351"
